City_ID,City,Lat,Lng,Max Temp,Humidity,Cloudiness,Wind Speed,Country,Date
0,Coahuayana,18.73,-103.68,89.1,50,18,5.59,MX,2020-11-08 18:42:23
1,Lompoc,34.64,-120.46,57.2,66,40,16.11,US,2020-11-08 18:39:55
2,Dulce Nombre De Culmi,15.1,-85.53,86.0,74,75,1.12,HN,2020-11-08 18:42:23
3,Puerto Escondido,15.85,-97.07,87.8,66,40,5.82,MX,2020-11-08 18:42:23
4,Saint-Philippe,-21.36,55.77,73.4,78,0,8.05,RE,2020-11-08 18:42:23
5,Mataura,-46.19,168.86,50.0,93,100,2.04,NZ,2020-11-08 18:42:23
6,Puerto Ayora,-0.74,-90.35,77.0,73,40,20.8,EC,2020-11-08 18:42:24
7,Cape Town,-33.93,18.42,60.01,62,75,8.05,ZA,2020-11-08 18:38:09
8,Lovozero,68.0,35.01,30.79,94,94,21.39,RU,2020-11-08 18:42:24
9,Vung Tau,10.35,107.08,78.06,82,100,4.9,VN,2020-11-08 18:42:24
10,Ihosy,-22.4,46.12,69.85,79,15,12.48,MG,2020-11-08 18:42:24
11,Pinawa,50.15,-95.88,60.94,78,100,10.54,CA,2020-11-08 18:42:24
12,Cabo San Lucas,22.89,-109.91,86.0,61,5,6.93,MX,2020-11-08 18:41:15
13,Lebu,-37.62,-73.65,57.43,68,0,17.92,CL,2020-11-08 18:42:25
14,Geraldton,-28.77,114.6,62.6,82,75,6.93,AU,2020-11-08 18:42:25
15,Vaini,-21.2,-175.2,73.4,88,20,4.7,TO,2020-11-08 18:42:25
16,Otavi,-19.65,17.33,86.65,16,95,7.65,NA,2020-11-08 18:42:25
17,Naze,28.37,129.48,69.8,64,90,17.22,JP,2020-11-08 18:41:26
18,Hobyo,5.35,48.53,81.18,80,23,14.43,SO,2020-11-08 18:42:26
19,Alyangula,-13.85,136.42,75.2,94,95,9.6,AU,2020-11-08 18:42:26
20,Zyryanka,65.75,150.85,-4.25,92,99,6.4,RU,2020-11-08 18:42:26
21,Yellowknife,62.46,-114.35,23.0,92,75,4.7,CA,2020-11-08 18:42:22
22,Kodiak,57.79,-152.41,48.2,57,20,19.46,US,2020-11-08 18:42:26
23,Ushuaia,-54.8,-68.3,53.6,48,40,25.28,AR,2020-11-08 18:42:26
24,Gasa,31.5,34.47,71.01,100,0,10.22,PS,2020-11-08 18:38:12
25,Shingu,33.73,135.98,50.04,78,0,5.46,JP,2020-11-08 18:42:27
26,Talnakh,69.49,88.4,23.0,92,75,22.37,RU,2020-11-08 18:42:27
27,Leningradskiy,69.38,178.42,17.78,96,100,5.53,RU,2020-11-08 18:42:27
28,Ilulissat,69.22,-51.1,10.4,55,100,13.87,GL,2020-11-08 18:42:27
29,Tuktoyaktuk,69.45,-133.04,12.2,92,20,6.93,CA,2020-11-08 18:42:27
30,Saskylakh,71.92,114.08,-10.44,87,0,11.59,RU,2020-11-08 18:42:27
31,Provideniya,64.38,-173.3,27.66,96,100,10.89,RU,2020-11-08 18:42:27
32,Pangnirtung,66.15,-65.71,14.0,66,90,4.7,CA,2020-11-08 18:42:27
33,Vostok,46.49,135.88,17.53,99,100,4.41,RU,2020-11-08 18:42:28
34,Jega,12.22,4.38,80.73,18,3,7.49,NG,2020-11-08 18:42:28
35,Mahon,39.89,4.27,60.8,87,0,2.24,ES,2020-11-08 18:42:28
36,Leninskoye,41.76,69.39,51.8,62,40,6.93,KZ,2020-11-08 18:42:28
37,Albany,42.6,-73.97,73.0,37,0,1.83,US,2020-11-08 18:40:57
38,Arraial Do Cabo,-22.97,-42.03,77.0,83,75,13.87,BR,2020-11-08 18:42:29
39,Thompson,55.74,-97.86,12.2,85,90,10.29,CA,2020-11-08 18:40:03
40,Rognan,67.1,15.39,44.01,87,100,8.66,NO,2020-11-08 18:42:29
41,Kapaa,22.08,-159.32,79.0,78,20,16.11,US,2020-11-08 18:42:29
42,Vestmanna,62.16,-7.17,44.6,87,100,9.17,FO,2020-11-08 18:42:30
43,Birobidzhan,48.8,132.95,22.21,83,0,6.91,RU,2020-11-08 18:42:30
44,Punta Arenas,-53.15,-70.92,55.4,54,0,32.21,CL,2020-11-08 18:42:30
45,Hithadhoo,-0.6,73.08,84.22,72,100,8.01,MV,2020-11-08 18:42:31
46,Saint-Joseph,-21.37,55.62,71.6,78,0,8.05,RE,2020-11-08 18:42:31
47,Mahebourg,-20.41,57.7,73.4,88,75,8.05,MU,2020-11-08 18:42:32
48,Saint-Pierre,-21.34,55.48,71.6,78,0,8.05,RE,2020-11-08 18:42:32
49,Nicoya,10.15,-85.45,80.6,94,75,5.82,CR,2020-11-08 18:42:32
50,Chokurdakh,70.63,147.92,-10.3,92,100,2.15,RU,2020-11-08 18:42:32
51,Yeppoon,-23.13,150.73,68.0,68,75,8.05,AU,2020-11-08 18:42:32
52,Araceli,10.55,119.99,81.77,78,0,9.24,PH,2020-11-08 18:42:33
53,Hobart,-42.88,147.33,46.0,93,3,6.93,AU,2020-11-08 18:41:45
54,Victoria,22.29,114.16,75.0,76,100,1.01,HK,2020-11-08 18:41:41
55,Kaitangata,-46.28,169.85,52.0,87,92,4.0,NZ,2020-11-08 18:42:33
56,Bluff,-46.6,168.33,50.0,93,89,3.33,NZ,2020-11-08 18:42:33
57,Qeshm,26.96,56.27,80.6,69,0,6.93,IR,2020-11-08 18:42:33
58,Udachnyy,66.42,112.4,-2.2,84,90,8.95,RU,2020-11-08 18:42:33
59,Upernavik,72.79,-56.15,-2.56,74,0,7.43,GL,2020-11-08 18:42:33
60,Klaksvik,62.23,-6.59,44.6,87,100,9.17,FO,2020-11-08 18:42:34
61,Thinadhoo,0.53,72.93,84.43,75,77,12.75,MV,2020-11-08 18:42:34
62,Kavieng,-2.57,150.8,81.46,72,96,3.83,PG,2020-11-08 18:42:34
63,Pak Phanang,8.35,100.2,80.56,78,100,1.77,TH,2020-11-08 18:42:34
64,Qaanaaq,77.48,-69.36,-6.27,72,78,11.41,GL,2020-11-08 18:42:34
65,Berdigestyakh,62.1,126.7,-9.08,90,99,4.63,RU,2020-11-08 18:42:35
66,Kankon,15.02,74.02,82.4,83,0,5.82,IN,2020-11-08 18:42:35
67,Bajil,15.06,43.29,82.08,61,0,5.91,YE,2020-11-08 18:42:35
68,Barka Kana,23.62,85.48,62.6,72,0,5.01,IN,2020-11-08 18:42:35
69,Santa Ana,33.75,-117.87,61.0,51,40,11.41,US,2020-11-08 18:40:27
70,Plettenberg Bay,-34.05,23.37,60.37,73,100,9.42,ZA,2020-11-08 18:42:35
71,Hilo,19.73,-155.09,75.99,83,40,3.36,US,2020-11-08 18:42:36
72,Busselton,-33.65,115.33,57.99,76,87,12.55,AU,2020-11-08 18:42:36
73,Port Elizabeth,-33.92,25.57,64.4,72,40,10.29,ZA,2020-11-08 18:42:36
74,Togur,58.36,82.83,41.23,74,100,15.7,RU,2020-11-08 18:42:36
75,Rikitea,-23.12,-134.97,72.41,77,83,16.58,PF,2020-11-08 18:42:36
76,Barrow,71.29,-156.79,17.6,78,90,18.34,US,2020-11-08 18:42:36
77,Tutoia,-2.76,-42.27,84.72,71,0,15.68,BR,2020-11-08 18:42:37
78,Atuona,-9.8,-139.03,77.07,73,63,11.79,PF,2020-11-08 18:42:37
79,Castro,-24.79,-50.01,84.72,31,24,2.73,BR,2020-11-08 18:42:37
80,Viedma,-40.81,-63.0,78.22,38,100,6.35,AR,2020-11-08 18:42:37
81,Dunedin,-45.87,170.5,52.0,68,100,10.0,NZ,2020-11-08 18:40:38
82,Exu,-7.51,-39.72,95.0,30,40,9.17,BR,2020-11-08 18:42:37
83,Bacolod,10.67,122.95,76.59,85,98,2.3,PH,2020-11-08 18:42:38
84,Jacareacanga,-6.22,-57.75,87.91,60,99,6.73,BR,2020-11-08 18:42:38
85,Clyde River,70.47,-68.59,1.4,70,20,17.22,CA,2020-11-08 18:42:38
86,Coihaique,-45.58,-72.07,73.4,33,0,8.05,CL,2020-11-08 18:42:38
87,Hofn,64.25,-15.21,40.62,70,100,10.36,IS,2020-11-08 18:42:38
88,Marivan,35.52,46.18,53.73,62,75,4.59,IR,2020-11-08 18:42:38
89,Acapulco,16.86,-99.89,87.8,62,5,4.7,MX,2020-11-08 18:42:38
90,Chicama,-7.84,-79.15,66.2,72,32,13.87,PE,2020-11-08 18:42:39
91,Srednekolymsk,67.45,153.68,-5.03,92,89,5.73,RU,2020-11-08 18:42:39
92,Esperance,-33.87,121.9,64.4,72,0,17.22,AU,2020-11-08 18:42:39
93,Talaya,61.38,152.75,-5.91,89,98,3.76,RU,2020-11-08 18:42:39
94,Raton,36.9,-104.44,55.99,22,1,26.4,US,2020-11-08 18:42:39
95,Anadyr,64.75,177.48,1.4,84,20,2.24,RU,2020-11-08 18:42:39
96,Hermanus,-34.42,19.23,55.99,84,24,1.99,ZA,2020-11-08 18:42:39
97,Codrington,-38.27,141.97,51.49,86,16,8.03,AU,2020-11-08 18:42:39
98,Carnarvon,-24.87,113.63,68.0,77,90,11.41,AU,2020-11-08 18:42:40
99,Tiksi,71.69,128.87,-7.47,91,38,2.82,RU,2020-11-08 18:42:40
100,Ahipara,-35.17,173.17,57.11,82,1,12.1,NZ,2020-11-08 18:42:40
101,Hanko,59.83,22.95,42.01,79,0,8.01,FI,2020-11-08 18:42:40
102,Aklavik,68.22,-135.01,8.6,92,75,3.36,CA,2020-11-08 18:42:40
103,Iisalmi,63.56,27.19,33.8,86,0,8.05,FI,2020-11-08 18:42:40
104,Bethel,41.37,-73.41,75.0,35,1,3.36,US,2020-11-08 18:41:06
105,Te Anau,-45.42,167.72,44.42,82,99,1.57,NZ,2020-11-08 18:42:41
106,Zhigansk,66.77,123.37,-16.15,89,49,3.83,RU,2020-11-08 18:42:41
107,Lishui,28.46,119.91,50.38,75,0,2.35,CN,2020-11-08 18:42:41
108,Bure,10.7,37.07,58.64,89,100,6.08,ET,2020-11-08 18:42:41
109,Odweyne,9.41,45.06,72.72,56,30,7.36,SO,2020-11-08 18:42:41
110,Areka,7.07,37.7,64.11,81,100,2.46,ET,2020-11-08 18:42:41
111,Mbekenyera,-10.0,38.98,74.16,84,0,7.25,TZ,2020-11-08 18:42:41
112,Umm Kaddadah,13.6,26.69,79.61,20,0,9.17,SD,2020-11-08 18:42:41
113,Itoman,26.12,127.67,73.4,64,75,17.22,JP,2020-11-08 18:42:42
114,Fortuna,40.6,-124.16,50.0,75,75,12.75,US,2020-11-08 18:42:42
115,Ostersund,63.18,14.64,37.4,85,40,8.05,SE,2020-11-08 18:42:42
116,Bathsheba,13.22,-59.52,82.4,78,75,18.34,BB,2020-11-08 18:42:42
117,Chabahar,25.29,60.64,77.04,77,0,8.93,IR,2020-11-08 18:42:42
118,Tezu,27.92,96.17,66.47,44,0,3.89,IN,2020-11-08 18:42:42
119,Buloh Kasap,2.55,102.76,77.0,94,40,2.24,MY,2020-11-08 18:42:42
120,Tarko-Sale,64.92,77.78,30.99,95,100,2.42,RU,2020-11-08 18:42:43
121,Avarua,-21.21,-159.78,77.0,73,85,2.24,CK,2020-11-08 18:42:43
122,Razole,16.48,81.83,71.35,75,0,3.33,IN,2020-11-08 18:42:43
123,Guerrero Negro,27.98,-114.06,69.04,48,17,14.54,MX,2020-11-08 18:42:43
124,Ponta Do Sol,32.67,-17.1,68.0,64,20,5.82,PT,2020-11-08 18:42:43
125,Chirala,15.82,80.35,73.38,74,0,5.48,IN,2020-11-08 18:42:43
126,Tasiilaq,65.61,-37.64,30.2,100,100,41.38,GL,2020-11-08 18:42:43
127,Campbell River,50.02,-125.24,44.6,33,20,13.87,CA,2020-11-08 18:42:44
128,Alta Floresta,-9.88,-56.09,88.84,52,84,5.32,BR,2020-11-08 18:42:44
129,Hasaki,35.73,140.83,54.0,76,40,9.17,JP,2020-11-08 18:39:07
130,Coruripe,-10.13,-36.18,80.53,65,0,10.94,BR,2020-11-08 18:42:44
131,Shache,38.42,77.24,35.6,60,100,1.45,CN,2020-11-08 18:42:44
132,Fairbanks,64.84,-147.72,33.8,80,90,6.93,US,2020-11-08 18:40:34
133,Khatanga,71.97,102.5,9.57,91,100,19.33,RU,2020-11-08 18:42:44
134,Susanville,40.42,-120.65,34.0,50,90,5.82,US,2020-11-08 18:38:50
135,Sakakah,29.97,40.21,69.8,40,20,13.87,SA,2020-11-08 18:42:44
136,Agua Dulce,18.13,-94.13,84.2,70,75,2.24,MX,2020-11-08 18:42:45
137,Corrales,35.24,-106.61,57.99,40,0,5.99,US,2020-11-08 18:41:05
138,Port Alfred,-33.59,26.89,67.19,69,75,9.55,ZA,2020-11-08 18:42:45
139,Celestun,20.87,-90.4,81.18,72,47,12.12,MX,2020-11-08 18:42:45
140,Marawi,8.0,124.29,75.99,91,100,3.0,PH,2020-11-08 18:42:45
141,Bambous Virieux,-20.34,57.76,73.99,88,75,8.05,MU,2020-11-08 18:42:45
142,Chara,56.91,118.26,-7.17,79,66,0.18,RU,2020-11-08 18:42:45
143,Kruisfontein,-34.0,24.73,59.0,92,100,1.01,ZA,2020-11-08 18:42:46
144,Idenao,4.25,9.0,77.14,80,99,4.45,CM,2020-11-08 18:42:46
145,East London,-33.02,27.91,66.2,88,75,5.82,ZA,2020-11-08 18:42:46
146,Taltal,-25.4,-70.48,66.16,55,22,6.58,CL,2020-11-08 18:42:46
147,Torbay,47.67,-52.73,37.99,51,40,12.75,CA,2020-11-08 18:42:46
148,Cap Malheureux,-19.98,57.61,73.99,79,0,4.0,MU,2020-11-08 18:42:46
149,Ola,59.58,151.28,10.44,86,100,17.29,RU,2020-11-08 18:42:46
150,Dandong,40.13,124.39,30.74,72,0,2.68,CN,2020-11-08 18:42:47
151,New Norfolk,-42.78,147.06,46.0,78,10,2.46,AU,2020-11-08 18:42:47
152,Cidreira,-30.18,-50.21,69.82,78,79,14.72,BR,2020-11-08 18:42:47
153,Gumdag,39.21,54.59,53.22,57,0,8.05,TM,2020-11-08 18:42:47
154,Paita,-5.09,-81.11,75.2,64,0,16.11,PE,2020-11-08 18:42:47
155,Kachug,53.96,105.88,27.59,95,0,2.24,RU,2020-11-08 18:42:47
156,Dubbo,-32.25,148.62,51.8,81,10,9.17,AU,2020-11-08 18:42:47
157,Gillette,44.29,-105.5,32.0,86,90,18.34,US,2020-11-08 18:41:54
158,Kahului,20.89,-156.47,82.4,58,40,16.11,US,2020-11-08 18:42:48
159,Erenhot,43.65,111.98,31.86,74,0,7.34,CN,2020-11-08 18:42:48
160,Kutum,14.2,24.67,70.77,26,0,10.76,SD,2020-11-08 18:42:48
161,Paamiut,61.99,-49.67,25.86,87,100,43.91,GL,2020-11-08 18:42:48
162,Yulara,-25.24,130.99,73.4,23,0,8.05,AU,2020-11-08 18:42:48
163,Bantou,26.22,117.49,56.57,66,0,3.11,CN,2020-11-08 18:42:48
164,Padang,-0.95,100.35,76.89,77,95,3.02,ID,2020-11-08 18:41:37
165,Georgiyevka,43.04,74.71,46.4,52,75,13.42,KZ,2020-11-08 18:42:49
166,Povenets,62.85,34.83,33.98,86,0,14.7,RU,2020-11-08 18:42:49
167,Nome,64.5,-165.41,24.8,79,1,5.82,US,2020-11-08 18:42:49
168,Busko-Zdroj,50.47,20.72,42.01,1,0,2.75,PL,2020-11-08 18:42:49
169,Nikolskoye,59.7,30.79,37.99,74,0,15.66,RU,2020-11-08 18:42:49
170,Haines Junction,60.75,-137.51,28.4,74,100,8.05,CA,2020-11-08 18:42:49
171,Vila Velha,-20.33,-40.29,84.2,74,20,17.22,BR,2020-11-08 18:42:50
172,Aylmer,42.77,-80.98,69.8,46,5,6.93,CA,2020-11-08 18:39:11
173,Saldanha,-33.01,17.94,59.0,72,1,2.24,ZA,2020-11-08 18:42:50
174,Kushmurun,52.45,64.63,34.99,82,99,21.03,KZ,2020-11-08 18:42:50
175,Deputatskiy,69.3,139.9,-14.19,91,91,3.42,RU,2020-11-08 18:42:50
176,Coolum Beach,-26.53,153.1,63.0,84,90,1.99,AU,2020-11-08 18:42:50
177,Riyadh,24.69,46.72,75.2,41,0,9.15,SA,2020-11-08 18:41:39
178,Kupang,-10.17,123.58,80.6,81,100,8.19,ID,2020-11-08 18:42:51
179,Kapit,2.02,112.93,74.23,94,100,0.89,MY,2020-11-08 18:42:51
180,Novorzhev,57.03,29.33,37.67,80,0,3.91,RU,2020-11-08 18:42:51
181,Den Helder,52.96,4.76,50.0,87,90,4.7,NL,2020-11-08 18:42:51
182,Saint George,37.1,-113.58,46.0,56,90,3.36,US,2020-11-08 18:42:51
183,Vao,-22.67,167.48,71.82,72,0,14.54,NC,2020-11-08 18:42:51
184,Nurota,40.56,65.69,44.6,93,98,4.7,UZ,2020-11-08 18:42:52
185,Katsuura,35.13,140.3,59.0,47,75,26.4,JP,2020-11-08 18:42:05
186,Payo,-3.75,103.64,73.35,93,100,1.99,ID,2020-11-08 18:42:52
187,Bredasdorp,-34.53,20.04,55.4,87,3,10.29,ZA,2020-11-08 18:42:52
188,San Francisco,37.77,-122.42,57.0,50,20,28.86,US,2020-11-08 18:39:04
189,Kansanshi,-12.1,26.43,72.05,36,100,4.03,ZM,2020-11-08 18:42:52
190,Mar Del Plata,-38.0,-57.56,66.2,82,40,9.17,AR,2020-11-08 18:42:52
191,Port Hedland,-20.32,118.57,71.6,78,0,5.82,AU,2020-11-08 18:42:53
192,Novoagansk,61.94,76.66,32.32,99,100,4.83,RU,2020-11-08 18:42:53
193,Samarai,-10.62,150.67,79.86,84,92,17.11,PG,2020-11-08 18:42:53
194,Mount Isa,-20.73,139.5,73.4,17,0,9.66,AU,2020-11-08 18:42:53
195,Leh,34.17,77.58,31.48,59,0,0.96,IN,2020-11-08 18:42:53
196,Pecos,31.42,-103.49,84.2,20,1,8.05,US,2020-11-08 18:42:53
197,Sur,22.57,59.53,76.28,65,0,4.25,OM,2020-11-08 18:42:54
198,Sinnamary,5.38,-52.95,84.65,68,27,13.8,GF,2020-11-08 18:42:54
199,Souillac,-20.52,57.52,73.4,88,75,8.05,MU,2020-11-08 18:42:54
200,Sorland,67.67,12.69,44.6,81,75,28.86,NO,2020-11-08 18:42:54
201,Pevek,69.7,170.31,16.38,95,100,3.0,RU,2020-11-08 18:42:54
202,Georgetown,5.41,100.34,77.0,94,40,2.24,MY,2020-11-08 18:41:15
203,Tiarei,-17.53,-149.33,82.4,69,75,3.36,PF,2020-11-08 18:42:55
204,Jamestown,42.1,-79.24,72.0,34,1,5.03,US,2020-11-08 18:42:55
205,Cherskiy,68.75,161.3,3.2,94,95,0.49,RU,2020-11-08 18:42:55
206,Norman Wells,65.28,-126.83,17.6,85,75,5.82,CA,2020-11-08 18:42:08
207,Olafsvik,64.89,-23.71,42.22,80,96,21.83,IS,2020-11-08 18:42:55
208,Butaritari,3.07,172.79,81.27,66,100,7.78,KI,2020-11-08 18:42:55
209,Tumaco,1.8,-78.82,77.02,83,97,10.22,CO,2020-11-08 18:42:55
210,Urumqi,43.8,87.6,35.6,51,0,2.24,CN,2020-11-08 18:42:56
211,Kununurra,-15.77,128.73,80.6,65,99,6.93,AU,2020-11-08 18:42:56
212,Saint-Francois,46.42,3.91,57.2,82,90,5.82,FR,2020-11-08 18:42:56
213,Carutapera,-1.2,-46.02,86.25,59,31,11.34,BR,2020-11-08 18:42:56
214,Atar,20.52,-13.05,92.23,12,93,12.24,MR,2020-11-08 18:42:56
215,Basco,20.45,121.97,79.43,83,77,31.21,PH,2020-11-08 18:42:56
216,Maldonado,-34.67,-54.92,73.4,56,20,18.34,UY,2020-11-08 18:41:46
217,Sambava,-14.27,50.17,75.58,86,98,12.55,MG,2020-11-08 18:42:57
218,Touros,-5.2,-35.46,80.6,78,75,19.46,BR,2020-11-08 18:42:57
219,Dikson,73.51,80.55,2.77,94,96,11.61,RU,2020-11-08 18:42:57
220,Lagoa,39.05,-27.98,59.83,62,100,11.16,PT,2020-11-08 18:42:57
221,Ulladulla,-35.35,150.47,55.4,93,90,4.7,AU,2020-11-08 18:42:58
222,Klyuchi,52.27,79.17,46.17,58,100,12.08,RU,2020-11-08 18:42:58
223,Beringovskiy,63.05,179.32,19.47,92,7,11.45,RU,2020-11-08 18:42:58
224,Hammerfest,70.66,23.68,33.8,87,75,13.87,NO,2020-11-08 18:42:58
225,Staunton,38.15,-79.07,75.2,60,1,6.93,US,2020-11-08 18:42:31
226,Iskandar,41.55,69.7,51.8,62,40,6.93,UZ,2020-11-08 18:42:58
227,Chuy,-33.7,-53.46,68.22,64,0,12.66,UY,2020-11-08 18:42:58
228,Skjervoy,70.03,20.97,33.8,74,75,10.29,NO,2020-11-08 18:42:58
229,Lorengau,-2.02,147.27,79.3,77,96,3.11,PG,2020-11-08 18:42:59
230,Rawson,-43.3,-65.1,79.54,31,100,20.09,AR,2020-11-08 18:42:59
231,Sao Filipe,14.9,-24.5,80.78,72,0,9.17,CV,2020-11-08 18:42:59
232,Nizwa,22.93,57.53,72.45,58,53,5.5,OM,2020-11-08 18:42:59
233,Hambantota,6.12,81.12,75.2,100,75,2.24,LK,2020-11-08 18:42:59
234,Mount Gambier,-37.83,140.77,48.2,93,84,5.82,AU,2020-11-08 18:42:59
235,Nioro,13.35,-15.75,88.14,28,0,3.27,GM,2020-11-08 18:42:59
236,Zatyshshya,47.33,29.87,47.91,78,0,5.1,UA,2020-11-08 18:42:59
237,Avanigadda,16.02,80.92,69.91,80,0,5.23,IN,2020-11-08 18:43:00
238,Porto Novo,6.5,2.6,84.2,66,20,8.05,BJ,2020-11-08 18:43:00
239,Agucadoura,41.43,-8.78,60.8,87,20,11.41,PT,2020-11-08 18:43:00
240,Kamaishi,39.27,141.88,42.46,64,0,16.24,JP,2020-11-08 18:43:00
241,Mogadouro,41.34,-6.71,51.01,94,37,3.0,PT,2020-11-08 18:43:00
242,Meulaboh,4.14,96.13,76.59,86,100,2.46,ID,2020-11-08 18:43:00
243,Avera,33.19,-82.53,75.2,100,90,5.82,US,2020-11-08 18:43:01
244,Lavrentiya,65.58,-171.0,25.48,94,96,5.39,RU,2020-11-08 18:43:01
245,Diglur,18.55,77.6,61.92,61,0,1.48,IN,2020-11-08 18:43:01
246,Notodden,59.56,9.26,34.0,93,5,1.23,NO,2020-11-08 18:43:01
247,Road Town,18.42,-64.62,82.4,83,40,8.05,VG,2020-11-08 18:43:01
248,Nanakuli,21.39,-158.15,80.01,73,1,3.36,US,2020-11-08 18:43:01
249,Richards Bay,-28.78,32.04,75.06,87,91,10.63,ZA,2020-11-08 18:43:02
250,Asau,46.43,26.4,42.01,90,0,2.46,RO,2020-11-08 18:43:02
251,Yashan,22.2,109.94,64.8,56,9,6.89,CN,2020-11-08 18:43:02
252,Joetsu,37.15,138.24,45.0,82,93,11.12,JP,2020-11-08 18:43:02
253,Severo-Kurilsk,50.68,156.12,34.61,84,100,4.25,RU,2020-11-08 18:43:02
254,Umm Lajj,25.02,37.27,75.6,59,0,9.78,SA,2020-11-08 18:43:02
255,Moose Factory,51.26,-80.61,37.4,93,90,3.36,CA,2020-11-08 18:43:02
256,Chifeng,42.27,118.96,30.0,73,0,8.79,CN,2020-11-08 18:43:03
257,Dhidhdhoo,6.88,73.1,83.57,74,98,7.25,MV,2020-11-08 18:43:03
258,Wanning,18.8,110.4,74.1,73,69,12.15,CN,2020-11-08 18:43:03
259,Xiongyue,40.18,122.12,37.53,59,0,3.6,CN,2020-11-08 18:43:03
260,Puerto Carreno,6.19,-67.49,86.14,67,29,5.26,CO,2020-11-08 18:43:03
261,Rio Gallegos,-51.62,-69.22,69.8,37,40,21.92,AR,2020-11-08 18:43:03
262,Nizhniy Kuranakh,58.84,125.49,-2.29,90,100,3.24,RU,2020-11-08 18:43:03
263,Sitka,57.05,-135.33,41.0,75,90,14.99,US,2020-11-08 18:41:48
264,Acarau,-2.89,-40.12,86.02,61,0,21.43,BR,2020-11-08 18:43:04
265,Pisco,-13.7,-76.22,71.6,60,0,24.16,PE,2020-11-08 18:43:04
266,Mechetinskaya,46.77,40.46,49.6,78,0,2.91,RU,2020-11-08 18:43:04
267,Langsa,4.47,97.97,75.51,91,100,2.01,ID,2020-11-08 18:43:04
268,Ha Giang,22.83,104.98,63.73,68,0,4.27,VN,2020-11-08 18:43:04
269,Airai,-8.93,125.41,60.76,83,37,2.33,TL,2020-11-08 18:43:05
270,Puri,19.8,85.85,68.0,88,0,6.53,IN,2020-11-08 18:43:05
271,Zapolyarnyy,69.42,30.81,32.0,95,0,28.86,RU,2020-11-08 18:43:05
272,Pedernales,18.04,-71.74,77.0,94,75,6.93,DO,2020-11-08 18:43:05
273,Aswan,24.09,32.91,70.21,33,0,9.91,EG,2020-11-08 18:43:05
274,San Quintin,30.48,-115.95,64.45,59,58,16.22,MX,2020-11-08 18:43:05
275,Bubaque,11.28,-15.83,84.78,75,56,13.87,GW,2020-11-08 18:43:06
276,Dimbokro,6.65,-4.7,79.11,72,69,2.93,CI,2020-11-08 18:43:06
277,Itaituba,-4.28,-55.98,95.0,53,20,10.29,BR,2020-11-08 18:39:28
278,College,64.86,-147.8,33.8,80,90,6.93,US,2020-11-08 18:43:06
279,Tara,56.89,74.37,34.2,90,100,17.58,RU,2020-11-08 18:43:06
280,Komsomolskiy,40.43,71.72,59.0,18,100,6.93,UZ,2020-11-08 18:43:06
281,Yairipok,24.67,94.07,55.98,81,0,1.83,IN,2020-11-08 18:43:06
282,Los Algarrobos,8.5,-82.43,80.6,78,90,6.93,PA,2020-11-08 18:43:07
283,Poum,-20.23,164.02,74.88,74,51,19.17,NC,2020-11-08 18:43:07
284,Mehamn,71.04,27.85,37.4,69,20,12.75,NO,2020-11-08 18:43:07
285,Muros,42.78,-9.06,62.01,79,11,15.99,ES,2020-11-08 18:43:07
286,Mweka,-4.85,21.57,72.01,93,100,1.1,CD,2020-11-08 18:43:07
287,Mendi,-6.18,143.65,50.25,91,79,4.03,PG,2020-11-08 18:43:07
288,Valparaiso,-33.04,-71.63,59.0,76,90,5.82,CL,2020-11-08 18:41:37
289,Praia Da Vitoria,38.73,-27.07,60.8,87,75,9.93,PT,2020-11-08 18:43:08
290,Athens,37.98,23.72,62.01,63,40,11.41,GR,2020-11-08 18:40:56
291,Saquena,-4.67,-73.52,91.18,56,80,1.48,PE,2020-11-08 18:43:08
292,Karratha,-20.74,116.85,69.13,72,0,13.02,AU,2020-11-08 18:43:08
293,Le Moule,16.33,-61.35,84.2,79,75,11.41,GP,2020-11-08 18:43:08
294,Bengkulu,-3.8,102.27,75.74,93,100,7.2,ID,2020-11-08 18:43:09
295,Koumac,-20.57,164.28,72.03,77,55,15.21,NC,2020-11-08 18:43:09
296,Marsa Matruh,31.35,27.25,69.76,77,100,13.67,EG,2020-11-08 18:43:09
297,Hualmay,-11.1,-77.61,68.81,65,14,11.43,PE,2020-11-08 18:43:09
298,Kawalu,-7.38,108.21,71.24,91,0,0.6,ID,2020-11-08 18:43:09
299,Panuco,22.05,-98.17,82.4,61,40,9.17,MX,2020-11-08 18:43:09
300,Presidencia Roque Saenz Pena,-26.79,-60.44,90.23,35,90,5.64,AR,2020-11-08 18:43:10
301,Perth,-31.93,115.83,60.01,93,75,4.7,AU,2020-11-08 18:43:10
302,Port Lincoln,-34.73,135.87,63.48,61,100,11.9,AU,2020-11-08 18:43:10
303,Tavrichanka,43.34,131.86,30.2,39,0,4.47,RU,2020-11-08 18:43:10
304,Gornopravdinsk,60.05,69.9,30.31,98,98,6.91,RU,2020-11-08 18:43:10
305,Sturgis,41.8,-85.42,71.6,49,90,6.93,US,2020-11-08 18:43:10
306,Redcliffe,-27.23,153.1,63.0,77,75,8.05,AU,2020-11-08 18:43:11
307,Charters Towers,-20.1,146.27,69.51,73,97,16.42,AU,2020-11-08 18:43:11
308,Northam,51.03,-4.22,54.0,93,56,8.99,GB,2020-11-08 18:43:11
309,Rantoul,40.31,-88.16,77.0,57,75,12.75,US,2020-11-08 18:43:11
310,Liverpool,53.41,-2.98,53.6,93,90,5.82,GB,2020-11-08 18:41:16
311,Arlit,18.74,7.39,77.74,23,0,18.86,NE,2020-11-08 18:43:11
312,Altay,47.87,88.12,39.18,62,0,7.61,CN,2020-11-08 18:43:11
313,Huarmey,-10.07,-78.15,69.21,64,1,12.28,PE,2020-11-08 18:43:12
314,Deyang,31.13,104.38,68.0,10,100,3.09,CN,2020-11-08 18:43:12
315,Simao,22.79,100.97,57.87,94,48,2.21,CN,2020-11-08 18:43:12
316,Guider,9.93,13.95,81.41,28,24,5.82,CM,2020-11-08 18:43:12
317,Ketchikan,55.34,-131.65,35.6,86,75,3.36,US,2020-11-08 18:43:12
318,Dongsheng,39.82,109.98,30.97,85,0,1.81,CN,2020-11-08 18:43:12
319,Bull Savanna,17.89,-77.59,76.96,92,100,14.23,JM,2020-11-08 18:43:12
320,Pyu,18.48,96.43,72.99,95,1,4.43,MM,2020-11-08 18:43:12
321,Morki,56.43,48.99,35.28,82,95,12.28,RU,2020-11-08 18:43:13
322,Eyl,7.98,49.82,79.34,77,19,14.72,SO,2020-11-08 18:43:13
323,Portland,45.52,-122.68,45.0,60,20,3.06,US,2020-11-08 18:42:40
324,Pervomayskiy,53.25,40.29,46.99,84,99,15.43,RU,2020-11-08 18:43:13
325,Honiara,-9.43,159.95,77.72,82,20,4.03,SB,2020-11-08 18:43:13
326,Isangel,-19.55,169.27,75.7,83,75,15.55,VU,2020-11-08 18:43:13
327,Santa Isabel Do Rio Negro,-0.41,-65.02,85.87,76,93,2.64,BR,2020-11-08 18:43:13
328,Ambatolampy,-19.38,47.42,66.2,77,75,12.75,MG,2020-11-08 18:43:13
329,Palmer,42.16,-72.33,75.2,29,20,3.36,US,2020-11-08 18:43:14
330,Tazovskiy,67.47,78.7,19.2,98,75,4.18,RU,2020-11-08 18:43:14
331,Camacha,33.08,-16.33,66.2,72,20,8.05,PT,2020-11-08 18:43:14
332,Sioux Lookout,50.1,-91.92,57.2,76,90,8.05,CA,2020-11-08 18:43:14
333,Ancud,-41.87,-73.82,66.2,52,0,14.99,CL,2020-11-08 18:43:14
334,Aksu,41.12,80.26,39.63,59,66,1.16,CN,2020-11-08 18:39:07
335,Yerbogachen,61.28,108.01,23.38,97,100,7.99,RU,2020-11-08 18:43:14
336,Sobolevo,54.43,31.9,42.98,90,19,10.27,RU,2020-11-08 18:43:14
337,Loandjili,-4.76,11.86,78.78,84,80,9.37,CG,2020-11-08 18:43:15
338,Bijar,35.87,47.61,44.11,78,49,6.44,IR,2020-11-08 18:43:15
339,Le Port,-20.94,55.29,73.4,69,0,16.11,RE,2020-11-08 18:43:15
340,Savannah Bight,16.45,-85.85,82.4,78,40,8.05,HN,2020-11-08 18:43:15
341,Ingham,42.6,-84.38,73.99,43,90,3.36,US,2020-11-08 18:43:15
342,Gimbi,9.17,35.83,57.16,96,28,2.68,ET,2020-11-08 18:43:15
343,Cayenne,4.93,-52.33,87.8,66,20,14.99,GF,2020-11-08 18:43:15
344,Penzance,50.12,-5.54,57.2,93,100,17.22,GB,2020-11-08 18:43:15
345,Muli,2.92,73.57,83.79,73,36,5.84,MV,2020-11-08 18:43:16
346,San Vicente,-26.62,-54.13,94.33,21,100,3.65,AR,2020-11-08 18:43:16
347,Sakaiminato,35.55,133.23,53.6,71,75,5.82,JP,2020-11-08 18:43:16
348,Dalbandin,28.89,64.41,58.21,31,0,1.86,PK,2020-11-08 18:43:16
349,Musafirkhana,26.37,81.8,67.53,30,0,4.5,IN,2020-11-08 18:43:16
350,Namibe,-15.2,12.15,70.05,72,0,8.1,AO,2020-11-08 18:43:17
351,Nanortalik,60.14,-45.24,31.95,98,100,10.56,GL,2020-11-08 18:43:17
352,Stykkisholmur,65.08,-22.73,37.31,79,80,10.18,IS,2020-11-08 18:43:17
353,Rey Bouba,8.67,14.18,80.02,30,24,0.2,CM,2020-11-08 18:43:17
354,Tamiahua,21.27,-97.45,80.11,67,87,5.77,MX,2020-11-08 18:43:17
355,Amapa,1.0,-52.0,89.78,51,89,6.02,BR,2020-11-08 18:43:17
356,Kavaratti,10.57,72.64,83.52,74,0,5.17,IN,2020-11-08 18:43:17
357,Strezhevoy,60.73,77.59,32.0,98,90,8.95,RU,2020-11-08 18:43:18
358,Muhos,64.81,25.99,32.0,94,0,8.05,FI,2020-11-08 18:43:18
359,Grand-Santi,4.25,-54.38,90.3,49,49,5.64,GF,2020-11-08 18:43:18
360,Tsurib,42.24,46.83,39.69,59,7,9.69,RU,2020-11-08 18:43:18
361,Dingle,11.0,122.67,74.66,88,57,2.75,PH,2020-11-08 18:43:18
362,Nishihara,26.18,127.76,73.4,60,75,11.41,JP,2020-11-08 18:43:18
363,Albacete,38.83,-2.0,53.6,81,0,4.7,ES,2020-11-08 18:43:18
364,Nyrob,60.73,56.72,30.4,98,100,10.69,RU,2020-11-08 18:43:19
365,Sarangani,5.4,125.46,83.01,76,100,13.29,PH,2020-11-08 18:43:19
366,Walvis Bay,-22.96,14.51,64.4,68,44,11.41,NA,2020-11-08 18:43:19
367,Belmonte,-15.86,-38.88,82.4,69,20,16.11,BR,2020-11-08 18:43:19
368,Tianpeng,30.99,103.94,68.0,1,100,1.19,CN,2020-11-08 18:43:19
369,Jinchang,38.5,102.17,42.12,48,0,4.72,CN,2020-11-08 18:43:19
370,Vilhena,-12.74,-60.15,89.6,46,40,12.75,BR,2020-11-08 18:43:19
371,Kodinsk,58.69,99.18,31.66,97,56,5.66,RU,2020-11-08 18:43:20
372,Margate,51.38,1.39,57.0,88,99,3.0,GB,2020-11-08 18:43:20
373,Nieuw Amsterdam,5.88,-55.08,91.0,62,7,7.0,SR,2020-11-08 18:43:20
374,Jardim,-21.48,-56.14,102.13,21,7,6.35,BR,2020-11-08 18:43:20
375,Bay City,43.59,-83.89,73.99,43,1,9.17,US,2020-11-08 18:43:20
376,Makakilo City,21.35,-158.09,80.6,73,1,3.36,US,2020-11-08 18:43:20
377,Kirakira,-10.45,161.92,79.03,81,73,3.67,SB,2020-11-08 18:43:21
378,Jalu,29.03,21.55,71.1,50,99,8.61,LY,2020-11-08 18:43:21
379,Ojinaga,29.57,-104.42,82.4,24,1,8.05,MX,2020-11-08 18:43:21
380,Bam,29.11,58.36,63.48,27,23,7.0,IR,2020-11-08 18:43:21
381,Vila Franca Do Campo,37.72,-25.43,60.8,77,20,10.29,PT,2020-11-08 18:43:22
382,Groningen,53.25,6.75,48.2,87,0,5.82,NL,2020-11-08 18:40:00
383,Bonthe,7.53,-12.51,79.57,83,61,3.29,SL,2020-11-08 18:43:22
384,Sechura,-5.56,-80.82,73.99,55,72,16.98,PE,2020-11-08 18:43:22
385,Gao,16.64,1.64,80.83,16,2,11.34,ML,2020-11-08 18:43:22
386,Kuytun,54.34,101.5,28.89,97,0,6.51,RU,2020-11-08 18:43:22
387,Sandwick,60.0,-1.25,50.0,87,75,16.11,GB,2020-11-08 18:43:22
388,San Andres,12.58,-81.7,87.8,70,40,12.75,CO,2020-11-08 18:43:23
389,Moura,38.14,-7.45,60.8,93,75,5.82,PT,2020-11-08 18:43:23
390,Oka,45.46,-74.09,66.99,48,0,6.93,CA,2020-11-08 18:43:23
391,Sinjar,36.32,41.88,64.87,43,10,4.79,IQ,2020-11-08 18:43:23
392,Nichinan,31.6,131.37,54.55,68,0,5.59,JP,2020-11-08 18:43:23
393,Black River,18.03,-77.85,84.2,83,75,8.05,JM,2020-11-08 18:43:23
394,Harrisburg,40.27,-76.88,75.99,33,1,1.32,US,2020-11-08 18:42:40
395,San Jose,37.34,-121.89,57.0,43,40,20.8,US,2020-11-08 18:40:35
396,Calvinia,-31.47,19.78,51.58,73,79,11.97,ZA,2020-11-08 18:43:24
397,Lillooet,50.69,-121.94,37.4,34,20,13.87,CA,2020-11-08 18:43:24
398,Kishtwar,33.32,75.77,46.18,45,0,3.96,IN,2020-11-08 18:43:24
399,Ixtapa,20.7,-105.2,86.0,55,5,6.93,MX,2020-11-08 18:43:24
400,Cortes,41.94,-1.44,57.2,82,0,6.93,ES,2020-11-08 18:43:24
401,Capela Do Alto,-23.47,-47.73,90.0,23,3,4.0,BR,2020-11-08 18:43:25
402,Sehithwa,-20.47,22.72,83.1,36,100,2.98,BW,2020-11-08 18:43:25
403,Husavik,66.04,-17.34,30.2,80,0,4.7,IS,2020-11-08 18:43:25
404,Kemijarvi,66.71,27.43,30.04,92,67,6.11,FI,2020-11-08 18:43:25
405,Dong Hoi,17.48,106.6,74.59,81,84,16.15,VN,2020-11-08 18:43:25
406,Madang,-5.22,145.8,75.9,86,99,4.59,PG,2020-11-08 18:43:25
407,Bulungu,-4.55,18.6,73.26,95,96,1.86,CD,2020-11-08 18:43:26
408,Key West,24.56,-81.78,77.0,94,90,12.75,US,2020-11-08 18:43:26
409,Teguldet,57.31,88.17,41.92,71,100,11.32,RU,2020-11-08 18:43:26
410,Bartlesville,36.75,-95.98,71.01,68,75,17.22,US,2020-11-08 18:39:49
411,Digha,21.68,87.55,69.49,66,0,7.52,IN,2020-11-08 18:43:26
412,Micheweni,-4.97,39.83,80.2,81,1,11.27,TZ,2020-11-08 18:43:26
413,Bamiantong,44.93,130.53,22.24,91,96,12.17,CN,2020-11-08 18:43:26
414,Foso,5.7,-1.29,74.91,92,84,6.62,GH,2020-11-08 18:43:26
415,Fethiye,36.62,29.12,59.0,62,0,6.93,TR,2020-11-08 18:43:26
416,Doha,25.29,51.53,84.2,74,0,4.7,QA,2020-11-08 18:43:27
417,Kichera,55.94,110.1,26.8,94,99,0.72,RU,2020-11-08 18:43:27
418,Araouane,18.9,-3.53,86.02,14,72,8.61,ML,2020-11-08 18:43:27
419,Lazaro Cardenas,17.96,-102.2,84.4,65,89,8.43,MX,2020-11-08 18:43:27
420,West Wendover,40.74,-114.07,39.2,41,20,12.75,US,2020-11-08 18:43:27
421,Tingo Maria,-9.29,-76.01,78.8,41,75,13.87,PE,2020-11-08 18:43:31
422,Hami,42.8,93.45,35.67,71,0,3.24,CN,2020-11-08 18:39:06
423,Arica,-18.48,-70.3,70.0,56,0,13.87,CL,2020-11-08 18:43:31
424,Carora,10.18,-70.08,89.02,47,14,2.26,VE,2020-11-08 18:43:32
425,Lahij,13.17,44.58,73.54,75,1,4.63,YE,2020-11-08 18:43:32
426,Mithi,24.73,69.8,77.52,28,0,1.86,PK,2020-11-08 18:43:32
427,Waingapu,-9.66,120.26,80.35,73,100,5.5,ID,2020-11-08 18:43:33
428,Narsaq,60.92,-46.05,32.0,95,90,1.12,GL,2020-11-08 18:43:33
429,Islampur,26.27,88.2,66.81,60,0,3.98,IN,2020-11-08 18:43:33
430,Kuusamo,65.97,29.18,26.6,79,0,8.05,FI,2020-11-08 18:43:33
431,Broome,42.25,-75.83,70.0,39,1,1.41,US,2020-11-08 18:43:33
432,Gat,31.61,34.76,71.01,100,0,7.45,IL,2020-11-08 18:43:33
433,Bara,10.37,10.73,78.93,29,2,6.04,NG,2020-11-08 18:43:33
434,Dulce Grande,23.0,-102.17,68.0,40,5,14.99,MX,2020-11-08 18:43:34
435,Mubi,10.27,13.26,77.04,32,0,2.26,NG,2020-11-08 18:43:34
436,Tengzhou,35.08,117.15,52.0,1,0,4.56,CN,2020-11-08 18:43:34
437,San Rafael,-34.62,-68.33,89.8,20,40,16.91,AR,2020-11-08 18:43:34
438,Nisia Floresta,-6.09,-35.21,80.6,88,75,19.46,BR,2020-11-08 18:43:34
439,Murgab,37.5,61.97,51.8,76,75,11.41,TM,2020-11-08 18:43:34
440,Madruga,22.91,-81.86,77.0,100,90,3.36,CU,2020-11-08 18:43:34
441,Champerico,14.3,-91.92,82.4,83,90,9.17,GT,2020-11-08 18:43:35
442,Norden,53.6,7.2,45.0,87,0,3.36,DE,2020-11-08 18:43:35
443,Formosa Do Rio Preto,-11.05,-45.19,86.7,53,4,7.54,BR,2020-11-08 18:43:35
444,Buin,-33.73,-70.75,82.0,28,0,8.05,CL,2020-11-08 18:43:35
445,Roald,62.58,6.13,46.4,93,75,6.93,NO,2020-11-08 18:43:35
446,Bay Roberts,47.6,-53.26,37.0,60,75,5.99,CA,2020-11-08 18:43:35
447,Sapa,5.15,120.32,80.24,78,29,2.77,PH,2020-11-08 18:43:36
448,Kodinar,20.79,70.7,76.68,42,0,6.82,IN,2020-11-08 18:43:36
449,Timmins,48.47,-81.33,62.6,59,20,8.05,CA,2020-11-08 18:41:56
450,Puerto Madryn,-42.77,-65.04,74.43,43,100,21.36,AR,2020-11-08 18:43:36
451,Nemuro,43.32,145.57,40.12,94,42,19.39,JP,2020-11-08 18:43:36
452,Palora,-1.7,-77.93,73.4,69,40,2.24,EC,2020-11-08 18:43:36
453,Kayerkan,69.35,87.76,23.0,92,75,22.37,RU,2020-11-08 18:43:37
454,Serebryanyy Bor,56.8,124.8,-10.43,89,91,2.59,RU,2020-11-08 18:43:37
455,Bhabua,25.05,83.62,65.82,42,0,3.22,IN,2020-11-08 18:43:37
456,Rantauprapat,2.1,99.83,74.53,95,100,0.67,ID,2020-11-08 18:43:37
457,Kenai,60.55,-151.26,37.4,100,90,13.87,US,2020-11-08 18:43:37
458,Salinopolis,-0.61,-47.36,84.24,67,0,16.75,BR,2020-11-08 18:43:37
459,Flin Flon,54.77,-101.86,17.6,78,90,16.11,CA,2020-11-08 18:43:37
460,Takaungu,-3.68,39.86,77.0,94,20,10.25,KE,2020-11-08 18:43:38
461,Mitsamiouli,-11.38,43.28,79.72,82,74,11.95,KM,2020-11-08 18:43:38
462,Port Moresby,-9.44,147.18,75.2,100,75,3.36,PG,2020-11-08 18:43:38
463,Wajir,1.75,40.06,82.4,69,20,4.7,KE,2020-11-08 18:43:38
464,Ruidoso,33.33,-105.67,53.6,62,90,17.22,US,2020-11-08 18:39:47
465,Necochea,-38.55,-58.74,70.34,57,46,14.03,AR,2020-11-08 18:43:38
466,Cavalcante,-13.8,-47.46,84.15,50,93,5.66,BR,2020-11-08 18:43:38
467,Tongliao,43.61,122.27,22.3,73,0,5.77,CN,2020-11-08 18:43:38
468,Etchoropo,26.77,-109.67,84.99,75,41,10.0,MX,2020-11-08 18:43:39
469,Bandarbeyla,9.49,50.81,77.81,81,10,14.74,SO,2020-11-08 18:43:39
470,Vredendal,-31.67,18.5,59.7,66,0,10.31,ZA,2020-11-08 18:43:39
471,Ulaangom,49.98,92.07,23.05,94,0,1.39,MN,2020-11-08 18:43:39
472,Los Llanos De Aridane,28.66,-17.92,69.8,68,40,8.05,ES,2020-11-08 18:43:39
473,Griffith,41.53,-87.42,75.99,50,1,12.75,US,2020-11-08 18:42:00
474,Nikel,69.41,30.22,32.0,94,0,28.86,RU,2020-11-08 18:43:39
475,Andijon,40.78,72.34,48.2,39,100,4.47,UZ,2020-11-08 18:43:39
476,Samarinda,-0.5,117.15,73.42,94,47,1.88,ID,2020-11-08 18:43:40
477,North Bend,43.41,-124.22,46.99,52,40,8.05,US,2020-11-08 18:40:34
478,Manggar,-2.88,108.27,78.67,81,81,1.77,ID,2020-11-08 18:43:40
479,Lamu,-2.27,40.9,78.8,88,1,3.36,KE,2020-11-08 18:43:40
480,Huambo,-12.78,15.74,61.02,84,99,2.46,AO,2020-11-08 18:42:51
481,Nunoa,-14.48,-70.64,60.82,30,30,11.81,PE,2020-11-08 18:43:40
482,Panzhihua,26.59,101.71,61.07,69,66,2.1,CN,2020-11-08 18:43:40
483,Mahibadhoo,3.78,72.97,83.79,72,69,5.32,MV,2020-11-08 18:43:40
484,Helong,42.54,129.0,23.23,76,93,6.67,CN,2020-11-08 18:43:41
485,Faanui,-16.48,-151.75,78.62,76,0,13.33,PF,2020-11-08 18:43:41
486,Andenes,69.31,16.12,41.0,86,99,24.16,NO,2020-11-08 18:43:41
487,Baghdad,33.34,44.4,69.8,68,10,3.36,IQ,2020-11-08 18:39:58
488,Lasa,46.62,10.7,45.0,51,5,1.3,IT,2020-11-08 18:43:08
489,Port Hawkesbury,45.62,-61.35,45.0,60,1,11.41,CA,2020-11-08 18:43:41
490,Lalmohan,22.34,90.74,72.84,71,0,8.52,BD,2020-11-08 18:43:41
491,Orvieto,42.72,12.11,55.99,86,0,2.15,IT,2020-11-08 18:43:41
492,Fort-Shevchenko,44.51,50.26,51.6,66,0,15.61,KZ,2020-11-08 18:43:41
493,Caceres,39.52,-6.37,57.99,95,100,5.86,ES,2020-11-08 18:43:42
494,Cayeli,41.09,40.73,55.78,66,0,3.0,TR,2020-11-08 18:43:42
495,Cody,44.53,-109.06,24.01,79,90,12.75,US,2020-11-08 18:43:41
496,Peleduy,59.63,112.74,14.07,95,100,2.93,RU,2020-11-08 18:43:42
497,Rognedino,53.8,33.56,43.32,88,4,9.24,RU,2020-11-08 18:43:42
498,Miri,4.41,114.01,77.0,94,40,2.24,MY,2020-11-08 18:43:42
499,Roebourne,-20.78,117.13,70.14,69,0,11.88,AU,2020-11-08 18:43:42
500,Port-Gentil,-0.72,8.78,77.0,94,40,6.93,GA,2020-11-08 18:43:43
501,Takhtamygda,54.1,123.57,1.02,89,0,3.09,RU,2020-11-08 18:43:43
502,Fez,34.04,-5.0,66.2,52,0,5.82,MA,2020-11-08 18:43:43
503,Nuuk,64.18,-51.72,17.6,57,20,25.28,GL,2020-11-08 18:43:43
504,Yarensk,62.17,49.09,32.77,95,98,11.16,RU,2020-11-08 18:43:43
505,Vriezenveen,52.41,6.62,48.99,94,97,1.01,NL,2020-11-08 18:42:02
506,Marrakesh,31.63,-8.01,69.8,52,0,6.93,MA,2020-11-08 18:43:39
507,Berlevag,70.86,29.09,37.4,82,75,25.28,NO,2020-11-08 18:43:43
508,Khudumelapye,-23.88,24.75,83.08,37,100,8.3,BW,2020-11-08 18:43:44
509,Athabasca,54.72,-113.29,12.2,85,6,5.82,CA,2020-11-08 18:43:44
510,Arrecife,28.96,-13.55,69.8,73,20,10.29,ES,2020-11-08 18:43:44
511,Reconquista,-29.15,-59.65,75.56,68,100,7.4,AR,2020-11-08 18:43:44
512,Trairi,-3.28,-39.27,85.28,63,0,14.94,BR,2020-11-08 18:41:58
513,Dunda,-8.12,34.25,71.73,68,20,2.17,TZ,2020-11-08 18:43:44
514,Plouzane,48.38,-4.62,59.0,77,0,12.75,FR,2020-11-08 18:43:44
515,Denpasar,-8.65,115.22,82.4,78,40,2.24,ID,2020-11-08 18:43:44
516,Arya,33.6,73.07,59.0,62,85,4.7,PK,2020-11-08 18:43:45
517,Kedrovyy,56.17,91.82,50.0,79,0,13.42,RU,2020-11-08 18:43:45
518,Puerto Penasco,31.32,-113.53,69.01,42,24,1.99,MX,2020-11-08 18:39:11
519,Boende,-0.22,20.87,73.9,88,73,2.17,CD,2020-11-08 18:43:45
520,Deder,9.32,41.45,54.45,56,0,1.92,ET,2020-11-08 18:43:45
521,Aksarka,66.56,67.8,21.63,98,98,5.59,RU,2020-11-08 18:43:45
522,El Fuerte,26.42,-108.62,88.56,40,0,14.99,MX,2020-11-08 18:43:45
523,Sindhnur,15.78,76.77,70.02,69,0,5.41,IN,2020-11-08 18:43:46
524,Fare,-16.7,-151.02,79.07,78,7,16.42,PF,2020-11-08 18:43:46
525,Ribeira Grande,38.52,-28.7,60.8,51,75,4.7,PT,2020-11-08 18:43:46
526,Izhma,65.01,53.91,30.99,96,100,8.79,RU,2020-11-08 18:43:46
527,Spornoye,50.84,37.29,44.6,93,90,11.18,RU,2020-11-08 18:43:46
528,Ko Samui,9.54,99.94,82.18,73,100,3.83,TH,2020-11-08 18:43:46
529,Kalmunai,7.42,81.82,81.07,80,85,9.06,LK,2020-11-08 18:43:46
530,Tabou,4.42,-7.35,79.05,86,23,7.0,CI,2020-11-08 18:43:47
531,Vorotynets,56.06,45.86,34.38,88,0,10.8,RU,2020-11-08 18:43:47
532,Longyearbyen,78.22,15.64,26.6,79,75,16.11,SJ,2020-11-08 18:43:47
533,Vanimo,-2.67,141.3,77.18,83,100,3.83,PG,2020-11-08 18:43:47
534,Bougouni,11.42,-7.48,79.93,20,0,3.36,ML,2020-11-08 18:43:47
535,Centralia,46.72,-122.95,42.01,93,1,11.16,US,2020-11-08 18:43:47
536,Hamilton,39.18,-84.53,78.01,44,1,3.36,US,2020-11-08 18:43:47
537,Boromo,11.75,-2.93,82.74,22,97,3.04,BF,2020-11-08 18:43:48
538,Point Pedro,9.82,80.23,82.36,77,100,17.45,LK,2020-11-08 18:43:48
539,Russell,32.35,-85.2,71.6,78,90,8.05,US,2020-11-08 18:43:48
540,Luderitz,-26.65,15.16,62.2,77,0,22.7,NA,2020-11-08 18:43:48
541,Comodoro Rivadavia,-45.87,-67.5,77.0,29,0,13.87,AR,2020-11-08 18:43:48
542,Santa Maria,-29.68,-53.81,84.2,48,0,13.87,BR,2020-11-08 18:43:48
543,Nara,34.69,135.8,57.0,64,21,7.18,JP,2020-11-08 18:43:48
544,Tigzirt,36.89,4.12,70.65,50,100,7.29,DZ,2020-11-08 18:43:48
545,Chernyshevskiy,63.01,112.47,5.2,95,100,6.6,RU,2020-11-08 18:43:49
546,Djibo,14.1,-1.63,84.07,14,31,9.95,BF,2020-11-08 18:43:49
547,Blacklick Estates,39.91,-82.86,78.01,33,1,3.36,US,2020-11-08 18:43:49
548,Iquique,-20.22,-70.14,68.0,60,0,14.99,CL,2020-11-08 18:43:49
549,Kilindoni,-7.91,39.67,80.02,79,23,15.28,TZ,2020-11-08 18:43:49
550,Half Moon Bay,37.46,-122.43,55.99,54,1,18.34,US,2020-11-08 18:42:36
551,Irece,-11.3,-41.86,84.87,43,0,15.43,BR,2020-11-08 18:42:41
552,Mogadishu,2.04,45.34,79.7,84,1,11.12,SO,2020-11-08 18:43:50
553,Phangnga,8.45,98.53,82.0,88,75,1.12,TH,2020-11-08 18:43:50
554,Buraydah,26.33,43.98,78.8,50,40,5.82,SA,2020-11-08 18:42:19
555,Aljezur,37.32,-8.8,61.39,87,0,3.22,PT,2020-11-08 18:43:50
556,Trapani,37.83,12.67,68.0,88,0,4.7,IT,2020-11-08 18:43:50
557,Pangody,65.85,74.49,19.47,98,79,3.2,RU,2020-11-08 18:43:50
558,Yenagoa,4.92,6.26,77.16,90,3,6.6,NG,2020-11-08 18:43:50
559,Lisakovsk,52.54,62.49,35.47,85,100,24.2,KZ,2020-11-08 18:43:51
560,Toora-Khem,52.47,96.11,26.56,96,0,1.95,RU,2020-11-08 18:43:51
561,Olot,42.18,2.49,55.99,80,18,5.26,ES,2020-11-08 18:43:51
562,Kangaba,11.93,-8.42,80.62,19,0,4.09,ML,2020-11-08 18:43:51
563,Shahreza,32.03,51.88,44.15,55,0,2.26,IR,2020-11-08 18:43:51
564,Quatre Cocos,-20.21,57.76,73.99,88,75,8.05,MU,2020-11-08 18:43:51
565,Port Hardy,50.7,-127.42,42.8,52,20,2.24,CA,2020-11-08 18:43:51
566,Antalaha,-14.9,50.28,73.53,89,75,8.43,MG,2020-11-08 18:43:51
567,Owando,-0.48,15.9,73.53,87,99,2.84,CG,2020-11-08 18:43:52
568,Bilibino,68.05,166.44,-3.24,89,100,1.41,RU,2020-11-08 18:43:52
569,Glenwood Springs,39.55,-107.32,42.01,79,90,11.41,US,2020-11-08 18:43:22
570,Khash,28.22,61.22,51.1,45,0,1.7,IR,2020-11-08 18:43:52
571,Mitchell,43.71,-98.03,71.6,46,1,35.57,US,2020-11-08 18:42:04
572,Ostrovnoy,68.05,39.51,36.88,82,100,12.84,RU,2020-11-08 18:43:52
573,Garowe,8.41,48.48,79.14,53,61,16.42,SO,2020-11-08 18:43:52
574,Lebedinyy,58.52,125.52,-7.94,91,100,3.56,RU,2020-11-08 18:43:53
575,Jibuti,11.5,42.5,82.4,65,20,5.82,DJ,2020-11-08 18:43:53
576,Sortland,68.69,15.42,44.01,87,75,11.41,NO,2020-11-08 18:43:53
577,Rio Grande,-32.03,-52.1,77.0,61,40,14.99,BR,2020-11-08 18:43:53
578,Onega,63.91,38.14,35.8,83,100,22.32,RU,2020-11-08 18:43:53
579,Manesti,44.87,25.85,51.01,93,0,6.93,RO,2020-11-08 18:43:53
580,Gushikawa,26.35,127.87,73.4,64,75,13.87,JP,2020-11-08 18:43:53
581,Zhangye,38.93,100.45,43.02,44,0,7.4,CN,2020-11-08 18:43:53
582,San-Pedro,4.75,-6.64,78.69,88,34,6.82,CI,2020-11-08 18:43:54
583,Las Vegas,36.17,-115.14,53.01,37,90,13.87,US,2020-11-08 18:43:44
584,Vanderhoof,54.02,-124.02,29.26,81,0,3.06,CA,2020-11-08 18:43:54
585,Pacific Grove,36.62,-121.92,55.99,54,75,21.92,US,2020-11-08 18:43:54
586,Tilichiki,60.47,166.1,10.6,94,94,12.15,RU,2020-11-08 18:43:54
587,Red Bluff,40.18,-122.24,54.0,23,1,13.87,US,2020-11-08 18:43:54
588,Kuandian,40.73,124.78,26.87,76,0,2.28,CN,2020-11-08 18:43:54
589,Winton,37.39,-120.61,53.6,71,40,11.41,US,2020-11-08 18:43:55
590,Oranjemund,-28.55,16.43,61.21,80,11,16.89,NA,2020-11-08 18:43:55
591,Tura,25.52,90.22,66.07,75,0,4.29,IN,2020-11-08 18:43:55
592,Vestmannaeyjar,63.44,-20.27,42.8,81,90,19.46,IS,2020-11-08 18:43:55
593,Girvan,55.24,-4.86,51.8,93,75,4.7,GB,2020-11-08 18:43:55
594,Invermere,50.52,-116.04,29.86,73,100,9.26,CA,2020-11-08 18:43:49
595,Shelburne,44.08,-80.2,73.4,38,20,9.17,CA,2020-11-08 18:43:56
596,Kon Tum,14.35,108.0,64.87,89,29,1.79,VN,2020-11-08 18:40:08
597,Aiquile,-18.2,-65.18,81.66,21,0,13.49,BO,2020-11-08 18:43:56
598,Bilma,18.69,12.92,69.76,32,0,3.89,NE,2020-11-08 18:43:56
599,Sangar,63.92,127.47,-18.85,88,19,1.45,RU,2020-11-08 18:43:56
600,Maceo,6.55,-74.79,79.84,67,100,3.87,CO,2020-11-08 18:43:56
601,Perigueux,45.18,0.72,54.0,86,0,5.39,FR,2020-11-08 18:43:57
602,Waipawa,-41.41,175.52,51.8,66,92,27.51,NZ,2020-11-08 18:43:57
603,Bereda,43.27,-7.54,55.99,99,0,8.99,ES,2020-11-08 18:43:57
604,Xiamen,24.48,118.08,69.8,56,54,15.66,CN,2020-11-08 18:43:37
605,Cap-Aux-Meules,47.38,-61.86,37.4,59,99,5.82,CA,2020-11-08 18:41:01
606,Bulgan,48.81,103.53,30.74,88,0,3.15,MN,2020-11-08 18:43:57
607,Ningxiang,37.34,111.21,37.98,66,17,1.07,CN,2020-11-08 18:43:57
608,Gewane,10.17,40.65,77.94,43,20,9.4,ET,2020-11-08 18:43:58
609,Sao Joao Dos Patos,-6.5,-43.7,89.02,50,80,4.12,BR,2020-11-08 18:43:58
610,Cauquenes,-35.97,-72.32,80.83,27,0,5.64,CL,2020-11-08 18:42:31
611,Hendrina,-26.16,29.72,77.0,47,0,10.29,ZA,2020-11-08 18:43:58
612,Humaita,-7.51,-63.02,94.41,43,58,2.77,BR,2020-11-08 18:43:58
613,Cabreuva,-23.31,-47.13,93.2,20,0,16.11,BR,2020-11-08 18:41:17
614,Ternate,0.8,127.4,80.38,75,100,6.22,ID,2020-11-08 18:43:58
615,Suluq,31.67,20.25,63.07,65,0,7.96,LY,2020-11-08 18:43:59
616,Hvolsvollur,63.75,-20.22,42.8,81,90,19.46,IS,2020-11-08 18:43:59
617,Rundu,-17.93,19.77,74.73,53,97,5.21,NA,2020-11-08 18:43:59
618,Zawiercie,50.49,19.42,46.0,94,0,2.35,PL,2020-11-08 18:43:59
619,Tabuk,17.42,121.44,73.51,90,100,3.02,PH,2020-11-08 18:43:59
620,Mbabane,-26.32,31.13,76.39,42,0,4.92,SZ,2020-11-08 18:43:59
621,Soe,-9.86,124.28,68.4,76,100,2.46,ID,2020-11-08 18:44:00
622,Fermoy,52.14,-8.28,54.0,100,75,16.11,IE,2020-11-08 18:44:00
623,Ahuimanu,21.44,-157.84,80.6,61,20,12.75,US,2020-11-08 18:44:00
624,Cedarburg,43.3,-87.99,70.0,68,90,10.29,US,2020-11-08 18:40:38
625,Yuanping,38.72,112.76,38.25,62,0,2.15,CN,2020-11-08 18:44:01
626,Vazante,-17.99,-46.91,86.99,46,100,6.35,BR,2020-11-08 18:44:01
627,Luganville,-15.53,167.17,77.0,94,75,8.28,VU,2020-11-08 18:44:01
628,Iqaluit,63.75,-68.51,19.4,73,75,6.93,CA,2020-11-08 18:44:01
629,Coria,39.99,-6.54,57.99,94,100,8.99,ES,2020-11-08 18:44:01
630,Bafq,31.61,55.41,59.43,32,93,4.56,IR,2020-11-08 18:44:01
631,Aykhal,66.0,111.5,-2.2,84,90,8.95,RU,2020-11-08 18:44:02
632,Laurel,39.1,-76.85,77.0,50,1,4.7,US,2020-11-08 18:41:02
633,Tuatapere,-46.13,167.68,50.0,93,94,2.42,NZ,2020-11-08 18:44:02
634,Grenfell,-33.9,148.17,47.55,88,0,6.46,AU,2020-11-08 18:44:02
635,High Level,58.52,-117.14,12.2,92,5,3.36,CA,2020-11-08 18:42:07
636,Biltine,14.53,20.92,81.52,23,4,7.27,TD,2020-11-08 18:44:02
637,Kenora,49.82,-94.43,57.2,76,75,10.29,CA,2020-11-08 18:44:03
638,Sandim,41.04,-8.51,60.8,87,40,8.05,PT,2020-11-08 18:44:03
639,Chimoio,-19.12,33.48,78.8,83,0,16.11,MZ,2020-11-08 18:44:03
640,Tual,-5.67,132.75,83.26,75,100,7.45,ID,2020-11-08 18:44:03
641,Frontera,26.93,-101.45,81.0,56,5,3.58,MX,2020-11-08 18:44:03
642,Great Yarmouth,52.61,1.73,55.0,99,94,4.0,GB,2020-11-08 18:44:03
643,Mackay,-21.15,149.2,75.2,69,90,14.99,AU,2020-11-08 18:44:04
644,Beipiao,41.79,120.78,28.11,68,0,3.29,CN,2020-11-08 18:44:04
645,Telsiai,55.98,22.25,39.0,80,29,1.01,LT,2020-11-08 18:44:04
646,Nokaneng,-19.67,22.27,80.49,47,100,9.89,BW,2020-11-08 18:44:04
647,Lucapa,-8.42,20.74,68.95,94,100,2.82,AO,2020-11-08 18:44:05
648,Zaraza,9.35,-65.32,87.39,72,12,2.91,VE,2020-11-08 18:44:05
649,Raymondville,26.48,-97.78,86.0,51,20,10.29,US,2020-11-08 18:44:05
650,Saquarema,-22.92,-42.51,77.0,94,75,8.05,BR,2020-11-08 18:44:05
651,Kaa-Khem,51.68,94.73,28.94,93,0,3.69,RU,2020-11-08 18:44:05
652,La Crosse,43.8,-91.24,70.0,60,1,14.99,US,2020-11-08 18:41:01
653,Buxtehude,53.45,9.7,50.0,81,0,3.36,DE,2020-11-08 18:44:06
654,Thunder Bay,48.4,-89.32,60.8,67,75,12.75,CA,2020-11-08 18:43:22
655,Nagua,19.38,-69.85,82.4,88,75,9.17,DO,2020-11-08 18:44:06
656,Xacmaz,41.46,48.81,48.31,74,0,5.93,AZ,2020-11-08 18:44:06
657,Ayan,56.45,138.17,6.49,88,11,18.66,RU,2020-11-08 18:44:06
658,Rylsk,51.57,34.68,46.29,79,100,9.73,RU,2020-11-08 18:44:07
659,Novonikolayevskiy,50.97,42.36,46.99,93,100,15.5,RU,2020-11-08 18:44:07
660,Barroquinha,-3.02,-41.14,89.91,52,22,13.27,BR,2020-11-08 18:42:31
661,Olinda,-8.01,-34.86,84.2,70,40,16.11,BR,2020-11-08 18:44:07
662,Enshi,30.3,109.48,52.16,70,0,0.72,CN,2020-11-08 18:44:07
663,Vangaindrano,-23.35,47.6,73.47,87,79,7.25,MG,2020-11-08 18:44:07
664,Ponta Delgada,37.73,-25.67,60.8,77,20,10.29,PT,2020-11-08 18:44:08
665,Concepcion,-36.83,-73.05,66.2,59,0,10.29,CL,2020-11-08 18:41:10
666,Svetlyy,54.67,20.13,46.0,93,40,4.47,RU,2020-11-08 18:44:08
667,Killam,52.78,-111.85,14.0,85,100,23.04,CA,2020-11-08 18:44:08
668,Evensk,61.95,159.23,9.46,88,100,12.44,RU,2020-11-08 18:44:08
669,Garden City,42.33,-83.33,73.4,43,20,4.7,US,2020-11-08 18:44:08
670,Huilong,31.81,121.66,59.0,72,0,10.65,CN,2020-11-08 18:44:09
671,Cockburn Town,21.46,-71.14,82.4,78,90,11.41,TC,2020-11-08 18:44:09
672,Hit,33.64,42.83,69.17,39,0,7.61,IQ,2020-11-08 18:44:09
673,Nabire,-3.37,135.48,77.2,87,98,2.48,ID,2020-11-08 18:44:09
674,Xining,36.62,101.77,33.67,71,0,1.54,CN,2020-11-08 18:44:09
675,Bonavista,48.65,-53.11,37.0,59,100,5.82,CA,2020-11-08 18:44:09
676,Hvide Sande,56.0,8.13,45.0,80,82,1.01,DK,2020-11-08 18:44:10
677,Lapua,62.97,23.01,32.0,95,2,1.01,FI,2020-11-08 18:44:10
678,Batagay-Alyta,67.8,130.41,-14.55,79,0,1.39,RU,2020-11-08 18:44:10
679,Coquimbo,-29.95,-71.34,62.6,67,40,11.41,CL,2020-11-08 18:44:10
680,Struthers,41.05,-80.61,75.0,33,1,3.36,US,2020-11-08 18:44:11
681,Belozerskoye,55.82,65.58,32.16,98,100,21.65,RU,2020-11-08 18:44:11
682,Ust-Maya,60.42,134.53,-5.4,91,100,2.75,RU,2020-11-08 18:44:11
683,Gorontalo,0.54,123.06,72.66,79,41,2.53,ID,2020-11-08 18:44:11
684,Polyarnyye Zori,67.37,32.5,30.42,92,52,15.64,RU,2020-11-08 18:44:11
685,Elliot,-31.33,27.85,61.32,78,100,5.28,ZA,2020-11-08 18:44:11
686,Hervey Bay,-25.3,152.85,66.99,64,13,3.0,AU,2020-11-08 18:42:45
687,Pimentel,-6.84,-79.93,73.4,56,0,17.22,PE,2020-11-08 18:44:12
688,Ndola,-12.96,28.64,75.29,20,3,7.31,ZM,2020-11-08 18:44:12
689,Arenal,8.46,-73.94,85.05,79,99,2.73,CO,2020-11-08 18:44:12
690,San Ramon,37.78,-121.98,57.2,34,1,12.75,US,2020-11-08 18:43:11
691,Elko,41.0,-115.5,30.99,80,1,4.7,US,2020-11-08 18:44:12
692,Michigan City,41.71,-86.89,75.99,53,1,11.41,US,2020-11-08 18:44:12
693,Goderich,43.75,-81.72,64.4,45,0,9.17,CA,2020-11-08 18:41:36
694,Maniitsoq,65.42,-52.9,16.41,79,0,15.9,GL,2020-11-08 18:44:13
695,Baykit,61.67,96.37,30.85,96,100,4.59,RU,2020-11-08 18:44:13
696,Nushki,29.55,66.02,56.71,29,0,5.06,PK,2020-11-08 18:44:13
697,Ongandjera,-17.88,15.07,87.31,15,87,15.97,NA,2020-11-08 18:44:13
698,Borgo San Dalmazzo,44.33,7.49,51.01,87,32,3.36,IT,2020-11-08 18:44:13
699,Biak,-0.91,122.88,76.1,74,35,6.49,ID,2020-11-08 18:44:13
700,Ambilobe,-13.2,49.05,77.67,72,98,10.8,MG,2020-11-08 18:44:14
701,Constitucion,-35.33,-72.42,65.14,49,0,12.1,CL,2020-11-08 18:44:14
702,Stromness,58.97,-3.3,50.0,93,100,19.46,GB,2020-11-08 18:44:14
703,Norton Shores,43.17,-86.26,71.6,43,90,12.75,US,2020-11-08 18:44:14
704,Okato,-39.2,173.88,48.0,88,100,20.0,NZ,2020-11-08 18:44:14
705,Havre-Saint-Pierre,50.23,-63.6,30.2,54,1,8.05,CA,2020-11-08 18:44:14
706,Mozelos,41.87,-8.4,61.0,93,75,11.41,PT,2020-11-08 18:44:14
707,Josefina,8.2,123.53,69.49,96,100,0.36,PH,2020-11-08 18:44:15
708,Byron Bay,-28.65,153.62,66.2,55,75,10.29,AU,2020-11-08 18:44:15
709,Mackenzie,55.3,-123.17,21.2,85,90,2.24,CA,2020-11-08 18:44:15
710,Prince Rupert,54.32,-130.32,39.2,80,40,5.82,CA,2020-11-08 18:44:15
711,Salamiyah,35.01,37.05,63.5,55,5,8.25,SY,2020-11-08 18:44:15
712,La Ronge,55.1,-105.28,15.8,85,100,8.05,CA,2020-11-08 18:44:15
713,Oussouye,12.48,-16.55,91.4,66,0,4.7,SN,2020-11-08 18:44:16
714,Tecoanapa,16.52,-98.75,84.42,68,3,9.4,MX,2020-11-08 18:44:16
715,Diamantino,-14.41,-56.45,93.97,38,100,7.65,BR,2020-11-08 18:44:16
716,Mayumba,-3.43,10.66,77.34,86,100,9.13,GA,2020-11-08 18:44:16
717,Jeremoabo,-10.07,-38.48,83.26,54,0,14.16,BR,2020-11-08 18:44:17
718,Shintomi,32.08,131.47,52.54,64,0,6.06,JP,2020-11-08 18:44:17
719,Moron,-34.65,-58.62,81.0,29,0,16.11,AR,2020-11-08 18:40:18
720,Nosivka,50.93,31.58,47.03,82,99,9.19,UA,2020-11-08 18:44:17
721,Neftcala,39.37,49.25,58.69,67,55,13.29,AZ,2020-11-08 18:44:17
722,Gamboma,-1.88,15.86,74.52,87,98,2.84,CG,2020-11-08 18:44:17
